{
  "schemaVersion": "1",
  "generatedAt": "2026-07-18T22:38:55.635Z",
  "status": "preliminary",
  "automatic": [
    {
      "configurationId": "v03-smoke-single-agent",
      "repetitions": 3,
      "automatic": {
        "truePositives": {
          "mean": 0.3333333333333333,
          "median": 0,
          "min": 0,
          "max": 1,
          "standardDeviation": 0.4714045207910317
        },
        "falsePositives": {
          "mean": 0,
          "median": 0,
          "min": 0,
          "max": 0,
          "standardDeviation": 0
        },
        "falseNegatives": {
          "mean": 0.6666666666666666,
          "median": 1,
          "min": 0,
          "max": 1,
          "standardDeviation": 0.4714045207910317
        },
        "precision": {
          "mean": 0.3333333333333333,
          "median": 0,
          "min": 0,
          "max": 1,
          "standardDeviation": 0.4714045207910317
        },
        "recall": {
          "mean": 0.3333333333333333,
          "median": 0,
          "min": 0,
          "max": 1,
          "standardDeviation": 0.4714045207910317
        },
        "f1": {
          "mean": 0.3333333333333333,
          "median": 0,
          "min": 0,
          "max": 1,
          "standardDeviation": 0.4714045207910317
        },
        "severityWeightedRecall": {
          "mean": 0.3333333333333333,
          "median": 0,
          "min": 0,
          "max": 1,
          "standardDeviation": 0.4714045207910317
        },
        "criticalIssueDetectionRate": {
          "mean": 0,
          "median": 0,
          "min": 0,
          "max": 0,
          "standardDeviation": 0
        },
        "averageFindingsPerCase": {
          "mean": 0.3333333333333333,
          "median": 0,
          "min": 0,
          "max": 1,
          "standardDeviation": 0.4714045207910317
        },
        "runtimeMs": {
          "mean": 632.3333333333334,
          "median": 0,
          "min": 0,
          "max": 1897,
          "standardDeviation": 894.254375940587
        },
        "estimatedCostUsd": {
          "mean": 0,
          "median": 0,
          "min": 0,
          "max": 0,
          "standardDeviation": 0
        },
        "casesWithAllExpectedFindings": {
          "mean": 0.3333333333333333,
          "median": 0,
          "min": 0,
          "max": 1,
          "standardDeviation": 0.4714045207910317
        },
        "casesWithZeroValidFindings": {
          "mean": 0.6666666666666666,
          "median": 1,
          "min": 0,
          "max": 1,
          "standardDeviation": 0.4714045207910317
        },
        "costPerCase": {
          "mean": 0,
          "median": 0,
          "min": 0,
          "max": 0,
          "standardDeviation": 0
        },
        "costPerTruePositive": {
          "mean": 0,
          "median": 0,
          "min": 0,
          "max": 0,
          "standardDeviation": 0
        },
        "runtimePerCase": {
          "mean": 632.3333333333334,
          "median": 0,
          "min": 0,
          "max": 1897,
          "standardDeviation": 894.254375940587
        }
      },
      "perCase": [
        {
          "caseId": "admin-invite-authorization",
          "repetition": 1,
          "truePositives": 0,
          "falsePositives": 0,
          "falseNegatives": 1,
          "runtimeMs": 0,
          "estimatedCostUsd": 0
        },
        {
          "caseId": "admin-invite-authorization",
          "repetition": 1,
          "truePositives": 0,
          "falsePositives": 0,
          "falseNegatives": 1,
          "runtimeMs": 0,
          "estimatedCostUsd": 0
        },
        {
          "caseId": "admin-invite-authorization",
          "repetition": 1,
          "truePositives": 1,
          "falsePositives": 0,
          "falseNegatives": 0,
          "runtimeMs": 1897,
          "estimatedCostUsd": 0
        }
      ]
    },
    {
      "configurationId": "v03-smoke-swarm-no-debate",
      "repetitions": 3,
      "automatic": {
        "truePositives": {
          "mean": 0.3333333333333333,
          "median": 0,
          "min": 0,
          "max": 1,
          "standardDeviation": 0.4714045207910317
        },
        "falsePositives": {
          "mean": 0,
          "median": 0,
          "min": 0,
          "max": 0,
          "standardDeviation": 0
        },
        "falseNegatives": {
          "mean": 0.6666666666666666,
          "median": 1,
          "min": 0,
          "max": 1,
          "standardDeviation": 0.4714045207910317
        },
        "precision": {
          "mean": 0.3333333333333333,
          "median": 0,
          "min": 0,
          "max": 1,
          "standardDeviation": 0.4714045207910317
        },
        "recall": {
          "mean": 0.3333333333333333,
          "median": 0,
          "min": 0,
          "max": 1,
          "standardDeviation": 0.4714045207910317
        },
        "f1": {
          "mean": 0.3333333333333333,
          "median": 0,
          "min": 0,
          "max": 1,
          "standardDeviation": 0.4714045207910317
        },
        "severityWeightedRecall": {
          "mean": 0.3333333333333333,
          "median": 0,
          "min": 0,
          "max": 1,
          "standardDeviation": 0.4714045207910317
        },
        "criticalIssueDetectionRate": {
          "mean": 0,
          "median": 0,
          "min": 0,
          "max": 0,
          "standardDeviation": 0
        },
        "averageFindingsPerCase": {
          "mean": 0.3333333333333333,
          "median": 0,
          "min": 0,
          "max": 1,
          "standardDeviation": 0.4714045207910317
        },
        "runtimeMs": {
          "mean": 1905.3333333333333,
          "median": 0,
          "min": 0,
          "max": 5716,
          "standardDeviation": 2694.5482408415373
        },
        "estimatedCostUsd": {
          "mean": 0,
          "median": 0,
          "min": 0,
          "max": 0,
          "standardDeviation": 0
        },
        "casesWithAllExpectedFindings": {
          "mean": 0.3333333333333333,
          "median": 0,
          "min": 0,
          "max": 1,
          "standardDeviation": 0.4714045207910317
        },
        "casesWithZeroValidFindings": {
          "mean": 0.6666666666666666,
          "median": 1,
          "min": 0,
          "max": 1,
          "standardDeviation": 0.4714045207910317
        },
        "costPerCase": {
          "mean": 0,
          "median": 0,
          "min": 0,
          "max": 0,
          "standardDeviation": 0
        },
        "costPerTruePositive": {
          "mean": 0,
          "median": 0,
          "min": 0,
          "max": 0,
          "standardDeviation": 0
        },
        "runtimePerCase": {
          "mean": 1905.3333333333333,
          "median": 0,
          "min": 0,
          "max": 5716,
          "standardDeviation": 2694.5482408415373
        }
      },
      "perCase": [
        {
          "caseId": "admin-invite-authorization",
          "repetition": 1,
          "truePositives": 0,
          "falsePositives": 0,
          "falseNegatives": 1,
          "runtimeMs": 0,
          "estimatedCostUsd": 0
        },
        {
          "caseId": "admin-invite-authorization",
          "repetition": 1,
          "truePositives": 1,
          "falsePositives": 0,
          "falseNegatives": 0,
          "runtimeMs": 5716,
          "estimatedCostUsd": 0
        },
        {
          "caseId": "admin-invite-authorization",
          "repetition": 1,
          "truePositives": 0,
          "falsePositives": 0,
          "falseNegatives": 1,
          "runtimeMs": 0,
          "estimatedCostUsd": 0
        }
      ]
    },
    {
      "configurationId": "v03-smoke-swarm-with-debate",
      "repetitions": 3,
      "automatic": {
        "truePositives": {
          "mean": 0.3333333333333333,
          "median": 0,
          "min": 0,
          "max": 1,
          "standardDeviation": 0.4714045207910317
        },